Apple iPhone X (Space Gray, 64 GB)  ₹69,999  4.66,307 Ratings & 597 Reviews
Apple iPhone X (Silver, 64 GB)  ₹69,999  4.66,307 Ratings & 597 Reviews
Apple iPhone 6s (Gold, 32 GB)  ₹29,799  4.515,063 Ratings & 1,597 Reviews
Apple iPhone 6s (Rose Gold, 32 GB)  ₹29,799  4.515,627 Ratings & 1,534 Reviews
Apple iPhone XR (Black, 64 GB)  ₹59,900  4.62,196 Ratings & 205 Reviews
Apple iPhone XR (Black, 128 GB)  ₹64,900  4.62,196 Ratings & 205 Reviews
Apple iPhone 6s (Space Grey, 32 GB)  ₹29,799  4.525,841 Ratings & 2,552 Reviews
Apple iPhone XR (White, 64 GB)  ₹59,900  4.62,196 Ratings & 205 Reviews
Apple iPhone 6s Plus (Space Grey, 32 GB)  ₹34,900  4.54,174 Ratings & 532 Reviews
Apple iPhone 6s (Silver, 32 GB)  ₹29,799  4.55,581 Ratings & 678 Reviews
Apple iPhone XR (White, 128 GB)  ₹64,900  4.62,196 Ratings & 205 Reviews
Apple iPhone XR ((PRODUCT)RED, 64 GB)  ₹59,900  4.62,196 Ratings & 205 Reviews
Apple iPhone XR (Coral, 128 GB)  ₹64,900  4.62,196 Ratings & 205 Reviews
Apple iPhone 8 Plus (Gold, 64 GB)  ₹58,900  4.63,027 Ratings & 336 Reviews
Apple iPhone 8 (Gold, 64 GB)  ₹58,999  4.62,534 Ratings & 240 Reviews
Apple iPhone 6s Plus (Gold, 32 GB)  ₹39,990  4.44,116 Ratings & 524 Reviews
Apple iPhone XR (Blue, 64 GB)  ₹59,900  4.62,196 Ratings & 205 Reviews
Apple iPhone XR ((PRODUCT)RED, 128 GB)  ₹64,900  4.62,196 Ratings & 205 Reviews
Apple iPhone XR (Coral, 64 GB)  ₹59,490  4.62,196 Ratings & 205 Reviews
Apple iPhone 8 Plus (Silver, 64 GB)  ₹68,999  4.63,027 Ratings & 336 Reviews
Apple iPhone 6s Plus (Silver, 16 GB)  ₹39,990  4.3429 Ratings & 56 Reviews
Apple iPhone XR (Blue, 128 GB)  ₹65,399  4.62,196 Ratings & 205 Reviews
Apple iPhone 6 (Space Grey, 32 GB)  ₹27,899  4.459,039 Ratings & 6,433 Reviews
Apple iPhone 8 (PRODUCT)RED (Red, 64 GB)  ₹53,499  4.789 Ratings & 9 Reviews
Apple iPhone X (Space Gray, 64 GB)  ₹69,999  4.66,307 Ratings & 597 Reviews
Apple iPhone X (Silver, 64 GB)  ₹69,999  4.66,307 Ratings & 597 Reviews
Apple iPhone 6s (Rose Gold, 32 GB)  ₹29,799  4.515,627 Ratings & 1,534 Reviews
Apple iPhone 6s (Gold, 32 GB)  ₹29,799  4.515,063 Ratings & 1,597 Reviews
Apple iPhone XR (Black, 64 GB)  ₹59,900  4.62,196 Ratings & 205 Reviews
Apple iPhone XR (Black, 128 GB)  ₹64,900  4.62,196 Ratings & 205 Reviews
Apple iPhone 6s (Space Grey, 32 GB)  ₹29,799  4.525,841 Ratings & 2,552 Reviews
Apple iPhone XR (White, 64 GB)  ₹59,900  4.62,196 Ratings & 205 Reviews
Apple iPhone 6s Plus (Space Grey, 32 GB)  ₹34,900  4.54,174 Ratings & 532 Reviews
Apple iPhone 6s (Silver, 32 GB)  ₹29,799  4.55,581 Ratings & 678 Reviews
Apple iPhone XR (White, 128 GB)  ₹64,900  4.62,196 Ratings & 205 Reviews
Apple iPhone XR ((PRODUCT)RED, 64 GB)  ₹59,900  4.62,196 Ratings & 205 Reviews
Apple iPhone XR (Coral, 128 GB)  ₹64,900  4.62,196 Ratings & 205 Reviews
Apple iPhone 8 Plus (Gold, 64 GB)  ₹58,900  4.63,027 Ratings & 336 Reviews
Apple iPhone 8 (Gold, 64 GB)  ₹58,999  4.62,534 Ratings & 240 Reviews
Apple iPhone XR (Blue, 64 GB)  ₹59,900  4.62,196 Ratings & 205 Reviews
Apple iPhone XR ((PRODUCT)RED, 128 GB)  ₹64,900  4.62,196 Ratings & 205 Reviews
Apple iPhone XR (Coral, 64 GB)  ₹59,490  4.62,196 Ratings & 205 Reviews
Apple iPhone 8 Plus (Silver, 64 GB)  ₹68,999  4.63,027 Ratings & 336 Reviews
Apple iPhone 6s Plus (Silver, 16 GB)  ₹39,990  4.3429 Ratings & 56 Reviews
Apple iPhone XR (Blue, 128 GB)  ₹65,399  4.62,196 Ratings & 205 Reviews
Apple iPhone 6 (Space Grey, 32 GB)  ₹27,899  4.459,039 Ratings & 6,433 Reviews
Apple iPhone 8 (PRODUCT)RED (Red, 64 GB)  ₹53,499  4.789 Ratings & 9 Reviews
Apple iPhone 8 Plus (PRODUCT)RED (Red, 256 GB)  ₹79,999  4.6123 Ratings & 12 Reviews
